task,name,model,workflow,creator,assignee,order
e2b778a7-d8c6-455e-8aa4-f2f4fda80f4a,ReplaceFace_01,61b4cb88-edd3-4d4a-a07a-2c89b0140d2a,61a6fa61-d884-4c15-97f6-5a4cebb20a0d,74eaef18-1fe9-4ef0-991b-ddfb182b28b8,1d3b3d95-8ab1-4b14-b4cb-4861637cbde4,1
e36f5a5a-0a75-4d32-bd7e-4f7e2d42cca9,Dustbust-DeadPixel_01,4c7509e1-7efe-4959-a3bb-af3a7cbb2f30,61a6fa61-d884-4c15-97f6-5a4cebb20a0d,5a10a704-aa34-46b2-bf22-33be08c76935,e4fbc03d-dcb0-47f0-9eb9-1520c39705a3,2
2d65d268-9fe3-4968-9197-91ca2221449b,BreakdownCosts_01,88e30e78-dc23-4b38-a707-bf4fd37786d9,61a6fa61-d884-4c15-97f6-5a4cebb20a0d,ccbd3955-7bdd-402d-82f8-3acacfd16d7b,61df8bca-88eb-44bc-9d80-1e33bea1fd20,3
65c51ede-ce09-40f8-8556-583a396c5dd2,BreakdownCosts_01,beee6056-b78c-4833-876d-5371535efbed,f53898d3-f7b2-45f2-8ae1-278110651fab,f2361fb4-81e7-4078-b20f-4581c5eba31e,74eaef18-1fe9-4ef0-991b-ddfb182b28b8,1
8d18cd5a-82df-4618-98cb-4ad20bcf2ea6,CameraTracking_01,b9af7c02-89f7-40db-93c6-c7ab8b6003c5,a97de6ef-5f1b-4751-a39b-1820d747befa,bed228e3-e9ae-4c6c-b3f4-dcf4bb7230de,5a10a704-aa34-46b2-bf22-33be08c76935,1
daea3a90-0d6a-4c03-822c-01ab837e894f,AdjustAge_01,453d18af-ee06-47c9-9067-6ae8cb76b725,a265053b-59da-4d1b-ade5-89863f169acd,b2808cad-089a-46f5-b43e-9e602d4a324d,ccbd3955-7bdd-402d-82f8-3acacfd16d7b,1
1c82534a-8fbb-4738-838a-d84ffe20330e,FootageContinuation_01,aa70a77c-bd13-4c47-8d0c-2a3bcccec77c,80b46460-cb0c-4266-8d4b-207fbe842742,65a57ce5-7c2c-45f4-b5fe-4d7d28492dd9,f2361fb4-81e7-4078-b20f-4581c5eba31e,1
16884788-22c7-4ad6-a32d-66d6e38c9622,WigFix_01,859178c0-aca0-4369-bacb-ffac6e930c33,019e0a95-a0be-43df-87d1-7ea86f603e88,70d707b6-4b00-4089-ab32-9e24ee867e2e,bed228e3-e9ae-4c6c-b3f4-dcf4bb7230de,1
169cfac7-c220-4eb7-9dc1-84e8f5fd0ae4,AudioDubbing_01,9f78180f-92a9-4d03-8d53-a7d821a22115,31852b89-7c06-47ff-aa3b-44e4312003e8,1760a8b8-a434-4be1-a149-5536955c1330,b2808cad-089a-46f5-b43e-9e602d4a324d,1
16d5086c-21e4-4ddc-b0c0-52fd6b44c962,GenerateSubTitles_01,3561f47b-b000-4396-99f0-204d0ccf1e64,d37d9737-5791-40be-84f5-2ebba532fcf5,84640704-fc9f-45a2-925f-c8d9c41f0917,65a57ce5-7c2c-45f4-b5fe-4d7d28492dd9,1
c5356b4d-cd6d-4e12-a468-f97a50c0a7c4,AdaptiveWatermarking_01,dba9dc01-3fdc-47dd-b3ec-5202b5a3b1b1,26003f18-2814-4522-9549-1e693708c5a9,8bae3a4e-5a69-4a49-b290-f31499f34ef0,70d707b6-4b00-4089-ab32-9e24ee867e2e,1
9f978ced-149b-4f5d-a7f7-febda84a1da8,AutoStoryboarding_01,ff218743-4f91-4746-a39d-2658aea56448,985492ac-7165-49b6-b7f7-7004e13dd38b,1d3b3d95-8ab1-4b14-b4cb-4861637cbde4,1760a8b8-a434-4be1-a149-5536955c1330,1
05bf6cb6-8f8c-46a3-a9f2-923de83f0994,ConceptArtVisualizations_01,1348245d-e747-4971-b687-51bf82ababe1,79c596fd-d327-48af-aaae-c8733f6e7378,e4fbc03d-dcb0-47f0-9eb9-1520c39705a3,84640704-fc9f-45a2-925f-c8d9c41f0917,1
b4b740fe-39fb-448e-9911-49ce442af939,BreakdownAssets_01,25ec3ebf-c48c-41f7-ac35-5d90f1f36c86,17c545fc-b06b-4294-9fff-0aee8324ba7a,61df8bca-88eb-44bc-9d80-1e33bea1fd20,8bae3a4e-5a69-4a49-b290-f31499f34ef0,1